{
   "dashboards": [{
      "autoswitchEnabled": false,
      "columnCount": 1,
      "columnProportion": "1-1",
      "creationTime": 1646305747890,
      "dashboardNavigations": {},
      "description": "",
      "disabled": false,
      "gridsterMaxColumns": 12,
      "hidden": false,
      "homeTab": false,
      "id": "3ab226f9-c763-4796-acb6-f9487c0b0565",
      "importAttempts": 0,
      "importComplete": true,
      "lastUpdateTime": 1646313139898,
      "lastUpdateUserId": "287ed085-c6ca-4255-b69c-956f1665ed51",
      "locked": false,
      "name": "VM Rightsizing Details v2",
      "rank": 0,
      "shared": false,
      "states": [{
         "key": "permDashboardTime_dashboard_3ab226f9-c763-4796-acb6-f9487c0b0565",
         "value": "o%3AdateRange%3Ds%253Alast24Hour%5EdateRangeText%3Ds%253A24H"
      }],
      "temporary": false,
      "userId": "287ed085-c6ca-4255-b69c-956f1665ed51",
      "widgetInteractions": [
         {
            "type": "resourceId",
            "widgetIdProvider": "f17b0c65-14b3-4df7-a8c2-9ac49c22e01a",
            "widgetIdReceiver": "dab0f158-4e3e-4786-80cb-f77b7b178fa2"
         },
         {
            "type": "resourceId",
            "widgetIdProvider": "10572fda-7916-4ea7-a8eb-3cbb98a2bfb5",
            "widgetIdReceiver": "dab0f158-4e3e-4786-80cb-f77b7b178fa2"
         },
         {
            "type": "resourceId",
            "widgetIdProvider": "dab0f158-4e3e-4786-80cb-f77b7b178fa2",
            "widgetIdReceiver": "fee7b314-372e-46fe-8bdb-563ce6f130bb"
         },
         {
            "type": "resourceId",
            "widgetIdProvider": "dab0f158-4e3e-4786-80cb-f77b7b178fa2",
            "widgetIdReceiver": "bcdfce95-b23c-4cff-b9d2-33991dc45281"
         },
         {
            "type": "resourceId",
            "widgetIdProvider": "dab0f158-4e3e-4786-80cb-f77b7b178fa2",
            "widgetIdReceiver": "7b2dc61c-d2ee-4d57-93cf-c11a61c92317"
         }
      ],
      "widgets": [
         {
            "collapsed": false,
            "config": {
               "chartViewItems": ["labels"],
               "isUpdatedView": true,
               "refreshContent": {"refreshContent": true},
               "refreshInterval": 300,
               "resource": {
                  "id": "Ext.vcops.chrome.model.Resource-1",
                  "resourceId": "resource:id:0_::_",
                  "resourceKindId": "002006VMWAREvSphere World",
                  "resourceName": "vSphere World",
                  "traversalSpecId": ""
               },
               "selectFirstRow": {"selectFirstRow": false},
               "selfProvider": {"selfProvider": true},
               "title": "VM vCPU Distribution",
               "traversalSpecId": null,
               "viewDefinitionId": "b1c3bccc-4486-4d85-a5fd-3360814e4034"
            },
            "gridsterCoords": {
               "h": 9,
               "w": 3,
               "x": 7,
               "y": 1
            },
            "height": 495,
            "id": "10572fda-7916-4ea7-a8eb-3cbb98a2bfb5",
            "title": "VM vCPU Distribution",
            "type": "View"
         },
         {
            "collapsed": false,
            "config": {
               "chartViewItems": ["labels"],
               "isUpdatedView": true,
               "refreshContent": {"refreshContent": true},
               "refreshInterval": 300,
               "resource": {
                  "id": "Ext.vcops.chrome.model.Resource-2",
                  "resourceId": "resource:id:0_::_",
                  "resourceKindId": "002006VMWAREvSphere World",
                  "resourceName": "vSphere World",
                  "traversalSpecId": ""
               },
               "selectFirstRow": {"selectFirstRow": false},
               "selfProvider": {"selfProvider": true},
               "title": "VM Memory Distribution",
               "traversalSpecId": null,
               "viewDefinitionId": "70324bec-c17d-4a48-b2ca-2dc4635ac59c"
            },
            "gridsterCoords": {
               "h": 9,
               "w": 3,
               "x": 10,
               "y": 1
            },
            "height": 495,
            "id": "ade2b9f2-1d67-46a2-971a-fb346418a11a",
            "title": "VM Memory Distribution",
            "type": "View"
         },
         {
            "collapsed": false,
            "config": {
               "chartViewItems": [
                  "labels",
                  "legend",
                  "title"
               ],
               "isUpdatedView": true,
               "refreshContent": {"refreshContent": true},
               "refreshInterval": 300,
               "resource": {
                  "id": "Ext.vcops.chrome.model.Resource-3",
                  "resourceId": "resource:id:0_::_",
                  "resourceKindId": "002006VMWAREvSphere World",
                  "resourceName": "vSphere World",
                  "traversalSpecId": ""
               },
               "selectFirstRow": {"selectFirstRow": false},
               "selfProvider": {"selfProvider": true},
               "title": "VM Operating System Distribution",
               "traversalSpecId": null,
               "viewDefinitionId": "19729c38-20e3-4fea-bb9f-0576126c25ec"
            },
            "gridsterCoords": {
               "h": 9,
               "w": 3,
               "x": 1,
               "y": 1
            },
            "height": 495,
            "id": "f17b0c65-14b3-4df7-a8c2-9ac49c22e01a",
            "title": "VM Operating System Distribution",
            "type": "View"
         },
         {
            "collapsed": false,
            "config": {
               "chartViewItems": [],
               "isUpdatedView": true,
               "refreshContent": {"refreshContent": true},
               "refreshInterval": 300,
               "resource": {
                  "id": "Ext.vcops.chrome.model.Resource-9",
                  "resourceId": "resource:id:0_::_",
                  "resourceKindId": "002006VMWAREvSphere World",
                  "resourceName": "vSphere World",
                  "traversalSpecId": ""
               },
               "selectFirstRow": {"selectFirstRow": true},
               "selfProvider": {"selfProvider": true},
               "title": "VM Details",
               "traversalSpecId": null,
               "viewDefinitionId": "f6b9f837-8358-475c-938b-0a5ba2f9e435"
            },
            "gridsterCoords": {
               "h": 7,
               "w": 12,
               "x": 1,
               "y": 10
            },
            "height": 381,
            "id": "dab0f158-4e3e-4786-80cb-f77b7b178fa2",
            "states": [
               {
                  "key": "permSelectedDate_widget_3ab226f9-c763-4796-acb6-f9487c0b0565_dab0f158-4e3e-4786-80cb-f77b7b178fa2",
                  "value": "s%3A%7B%22minType%22%3A%22.TimeIntervalControl%22%2C%22advancedTimeMode%22%3Afalse%2C%22fromTime%22%3Anull%2C%22unit%22%3A%22DAYS%22%2C%22count%22%3A7%2C%22priorUnit%22%3Anull%2C%22priorCount%22%3Anull%2C%22startSubUnit%22%3Anull%2C%22startPeriod%22%3Anull%2C%22toTime%22%3Anull%2C%22endUnit%22%3Anull%2C%22endCount%22%3Anull%2C%22endSubUnit%22%3Anull%2C%22endPeriod%22%3Anull%2C%22isRealTimeData%22%3Anull%2C%22mondayHours%22%3A%5B%5D%2C%22tuesdayHours%22%3A%5B%5D%2C%22wednesdayHours%22%3A%5B%5D%2C%22thursdayHours%22%3A%5B%5D%2C%22fridayHours%22%3A%5B%5D%2C%22saturdayHours%22%3A%5B%5D%2C%22sundayHours%22%3A%5B%5D%7D"
               },
               {
                  "key": "perm_toolbarVisible_widget_3ab226f9-c763-4796-acb6-f9487c0b0565_dab0f158-4e3e-4786-80cb-f77b7b178fa2",
                  "value": "b%3A1"
               },
               {
                  "key": "permPageSize_widget_3ab226f9-c763-4796-acb6-f9487c0b0565_dab0f158-4e3e-4786-80cb-f77b7b178fa2",
                  "value": "n%3A100"
               }
            ],
            "title": "VM Details",
            "type": "View"
         },
         {
            "collapsed": false,
            "config": {
               "chartViewItems": [],
               "isUpdatedView": true,
               "refreshContent": {"refreshContent": true},
               "refreshInterval": 300,
               "resource": null,
               "selectFirstRow": {"selectFirstRow": false},
               "selfProvider": {"selfProvider": false},
               "title": "Disk Details (for selected VM)",
               "traversalSpecId": "",
               "viewDefinitionId": "bf6f779d-b37d-408e-a0c9-3e0cf25aa2f5"
            },
            "gridsterCoords": {
               "h": 6,
               "w": 4,
               "x": 9,
               "y": 17
            },
            "height": 323,
            "id": "fee7b314-372e-46fe-8bdb-563ce6f130bb",
            "title": "Disk Details (for selected VM)",
            "type": "View"
         },
         {
            "collapsed": false,
            "config": {
               "customFilter": {
                  "excludedResources": null,
                  "filter": [],
                  "includedResources": null
               },
               "depth": 1,
               "metric": {
                  "mode": "resourceKind",
                  "resourceKindMetrics": [{
                     "colorMethod": 2,
                     "handleOldColoring": false,
                     "id": "extModel12593-1",
                     "isStringMetric": false,
                     "metricKey": "mem|usage_average",
                     "metricName": "Memory|Usage",
                     "metricUnitId": "percent",
                     "orangeBound": null,
                     "redBound": null,
                     "resourceKindId": "resourceKind:id:0_::_",
                     "resourceKindName": "Virtual Machine",
                     "unit": "%",
                     "yellowBound": null
                  }],
                  "resourceMetrics": [],
                  "subMode": "resourceKindAll"
               },
               "refreshContent": {"refreshContent": true},
               "refreshInterval": 300,
               "relationshipMode": {"relationshipMode": 0},
               "resInteractionMode": null,
               "resource": [],
               "selfProvider": {"selfProvider": false},
               "title": "Memory Usage (for selected VM)"
            },
            "gridsterCoords": {
               "h": 6,
               "w": 4,
               "x": 5,
               "y": 17
            },
            "height": 323,
            "id": "bcdfce95-b23c-4cff-b9d2-33991dc45281",
            "states": [
               {
                  "key": "permDateRange3_permMetricChart_widget_3ab226f9-c763-4796-acb6-f9487c0b0565_bcdfce95-b23c-4cff-b9d2-33991dc45281",
                  "value": "s%3A%7B%22dateRange%22%3A2%2C%22dateFrom%22%3Anull%2C%22dateTo%22%3Anull%2C%22timeFrom%22%3Anull%2C%22timeTo%22%3Anull%7D"
               },
               {
                  "key": "perm_toolbarVisible_widget_3ab226f9-c763-4796-acb6-f9487c0b0565_bcdfce95-b23c-4cff-b9d2-33991dc45281",
                  "value": "b%3A1"
               },
               {
                  "key": "permBtn_pan_permMetricChart_widget_3ab226f9-c763-4796-acb6-f9487c0b0565_bcdfce95-b23c-4cff-b9d2-33991dc45281",
                  "value": "b%3A0"
               },
               {
                  "key": "permDateRange1_permMetricChart_widget_3ab226f9-c763-4796-acb6-f9487c0b0565_bcdfce95-b23c-4cff-b9d2-33991dc45281",
                  "value": "s%3A%7B%22dateRange%22%3A%22dashboardTime%22%2C%22dateFrom%22%3Anull%2C%22dateTo%22%3Anull%2C%22timeFrom%22%3Anull%2C%22timeTo%22%3Anull%7D"
               },
               {
                  "key": "permMetricChart_widget_3ab226f9-c763-4796-acb6-f9487c0b0565_bcdfce95-b23c-4cff-b9d2-33991dc45281",
                  "value": "o%3A"
               },
               {
                  "key": "permBtn_zoomAllGraphs_permMetricChart_widget_3ab226f9-c763-4796-acb6-f9487c0b0565_bcdfce95-b23c-4cff-b9d2-33991dc45281",
                  "value": "b%3A0"
               },
               {
                  "key": "permDateRange2_permMetricChart_widget_3ab226f9-c763-4796-acb6-f9487c0b0565_bcdfce95-b23c-4cff-b9d2-33991dc45281",
                  "value": "s%3A%7B%22dateRange%22%3A1%2C%22dateFrom%22%3Anull%2C%22dateTo%22%3Anull%2C%22timeFrom%22%3Anull%2C%22timeTo%22%3Anull%7D"
               }
            ],
            "title": "Memory Usage (for selected VM)",
            "type": "MetricChart"
         },
         {
            "collapsed": false,
            "config": {
               "customFilter": {
                  "excludedResources": null,
                  "filter": [],
                  "includedResources": null
               },
               "depth": 1,
               "metric": {
                  "mode": "resourceKind",
                  "resourceKindMetrics": [{
                     "colorMethod": 2,
                     "handleOldColoring": false,
                     "id": "extModel15313-1",
                     "isStringMetric": false,
                     "metricKey": "cpu|usage_average",
                     "metricName": "CPU|Usage",
                     "metricUnitId": "percent",
                     "orangeBound": null,
                     "redBound": null,
                     "resourceKindId": "resourceKind:id:0_::_",
                     "resourceKindName": "Virtual Machine",
                     "unit": "%",
                     "yellowBound": null
                  }],
                  "resourceMetrics": [],
                  "subMode": "resourceKindAll"
               },
               "refreshContent": {"refreshContent": true},
               "refreshInterval": 300,
               "relationshipMode": {"relationshipMode": 0},
               "resInteractionMode": null,
               "resource": [],
               "selfProvider": {"selfProvider": false},
               "title": "CPU Usage (for selected VM)"
            },
            "gridsterCoords": {
               "h": 6,
               "w": 4,
               "x": 1,
               "y": 17
            },
            "height": 323,
            "id": "7b2dc61c-d2ee-4d57-93cf-c11a61c92317",
            "states": [
               {
                  "key": "permBtn_zoomAllGraphs_permMetricChart_widget_3ab226f9-c763-4796-acb6-f9487c0b0565_7b2dc61c-d2ee-4d57-93cf-c11a61c92317",
                  "value": "b%3A0"
               },
               {
                  "key": "permDateRange2_permMetricChart_widget_3ab226f9-c763-4796-acb6-f9487c0b0565_7b2dc61c-d2ee-4d57-93cf-c11a61c92317",
                  "value": "s%3A%7B%22dateRange%22%3A1%2C%22dateFrom%22%3Anull%2C%22dateTo%22%3Anull%2C%22timeFrom%22%3Anull%2C%22timeTo%22%3Anull%7D"
               },
               {
                  "key": "permDateRange1_permMetricChart_widget_3ab226f9-c763-4796-acb6-f9487c0b0565_7b2dc61c-d2ee-4d57-93cf-c11a61c92317",
                  "value": "s%3A%7B%22dateRange%22%3A%22dashboardTime%22%2C%22dateFrom%22%3Anull%2C%22dateTo%22%3Anull%2C%22timeFrom%22%3Anull%2C%22timeTo%22%3Anull%7D"
               },
               {
                  "key": "perm_toolbarVisible_widget_3ab226f9-c763-4796-acb6-f9487c0b0565_7b2dc61c-d2ee-4d57-93cf-c11a61c92317",
                  "value": "b%3A1"
               },
               {
                  "key": "permDateRange3_permMetricChart_widget_3ab226f9-c763-4796-acb6-f9487c0b0565_7b2dc61c-d2ee-4d57-93cf-c11a61c92317",
                  "value": "s%3A%7B%22dateRange%22%3A2%2C%22dateFrom%22%3Anull%2C%22dateTo%22%3Anull%2C%22timeFrom%22%3Anull%2C%22timeTo%22%3Anull%7D"
               },
               {
                  "key": "permBtn_pan_permMetricChart_widget_3ab226f9-c763-4796-acb6-f9487c0b0565_7b2dc61c-d2ee-4d57-93cf-c11a61c92317",
                  "value": "b%3A0"
               },
               {
                  "key": "permMetricChart_widget_3ab226f9-c763-4796-acb6-f9487c0b0565_7b2dc61c-d2ee-4d57-93cf-c11a61c92317",
                  "value": "o%3A"
               }
            ],
            "title": "CPU Usage (for selected VM)",
            "type": "MetricChart"
         },
         {
            "collapsed": false,
            "config": {
               "chartViewItems": [
                  "labels",
                  "legend",
                  "title"
               ],
               "isUpdatedView": true,
               "refreshContent": {"refreshContent": true},
               "refreshInterval": 300,
               "resource": {
                  "id": "Ext.vcops.chrome.model.Resource-5",
                  "resourceId": "resource:id:0_::_",
                  "resourceKindId": "002006VMWAREvSphere World",
                  "resourceName": "vSphere World",
                  "traversalSpecId": ""
               },
               "selectFirstRow": {"selectFirstRow": false},
               "selfProvider": {"selfProvider": true},
               "title": "VM VMTools Distribution",
               "traversalSpecId": null,
               "viewDefinitionId": "9de1ea66-c38d-488f-a700-504a657bbe5d"
            },
            "gridsterCoords": {
               "h": 9,
               "w": 3,
               "x": 4,
               "y": 1
            },
            "height": 495,
            "id": "3545a7e3-6106-4670-9e9b-ea2197745001",
            "title": "VM VMTools Distribution",
            "type": "View"
         }
      ]
   }],
   "entries": {
      "resource": [{
         "adapterKindKey": "VMWARE",
         "identifiers": [],
         "internalId": "resource:id:0_::_",
         "name": "vSphere World",
         "resourceKindKey": "vSphere World"
      }],
      "resourceKind": [{
         "adapterKindKey": "VMWARE",
         "internalId": "resourceKind:id:0_::_",
         "resourceKindKey": "VirtualMachine"
      }]
   },
   "uuid": "5dbfdcc6-0693-42d9-90a9-fb0d9f83c897"
}